id,passo,curriculo,accuracy_treinamento,accuracy_teste,acuracy_questao_0,acuracy_questao_1,acuracy_questao_2,acuracy_questao_3,acuracy_questao_4,porcentagem,tipoescolha,acao,rewardexecution,rewardtotal
501,100500,ExecucaoManual_Acao_4_exec_2,0.95,0.9677777777777777,1,1,1,0.9101010101010101,0.9288238263503281,"1,1,1,1,1",manual,2,0,0
500,99000,ExecucaoManual_Acao_4_exec_2,0.89,0.9721212121212122,1,1,1,0.9166666666666666,0.9439676930843008,"1,1,1,1,1",manual,2,0,0
499,97500,ExecucaoManual_Acao_4_exec_2,0.91999996,0.9708080808080808,1,1,1,0.9166666666666666,0.9374053508329127,"1,1,1,1,1",manual,2,0,0
498,96000,ExecucaoManual_Acao_4_exec_2,0.89,0.964040404040404,1,1,1,0.8914141414141414,0.9288238263503281,"1,1,1,1,1",manual,2,0,0
497,94500,ExecucaoManual_Acao_4_exec_2,0.95,0.9642424242424242,1,1,1,0.9005050505050505,0.9207470974255426,"1,1,1,1,1",manual,2,0,0
496,93000,ExecucaoManual_Acao_4_exec_2,0.89,0.9666666666666667,1,1,1,0.9090909090909091,0.9242806663301363,"1,1,1,1,1",manual,2,0,0
495,91500,ExecucaoManual_Acao_4_exec_2,0.91999996,0.9658585858585859,1,1,0.9994954591321897,0.907070707070707,0.9227662796567391,"1,1,1,1,1",manual,2,0,0
494,90000,ExecucaoManual_Acao_4_exec_2,0.91999996,0.9661616161616161,1,0.9994929006085193,1,0.9030303030303031,0.928319030792529,"1,1,1,1,1",manual,2,0,0
493,88500,ExecucaoManual_Acao_4_exec_2,0.90999997,0.963030303030303,1,1,1,0.896969696969697,0.9182231196365472,"1,1,1,1,1",manual,2,0,0
492,87000,ExecucaoManual_Acao_4_exec_2,0.93,0.9676767676767677,1,1,1,0.9101010101010101,0.928319030792529,"1,1,1,1,1",manual,2,0,0
491,85500,ExecucaoManual_Acao_4_exec_2,0.96999997,0.9636363636363636,1,1,1,0.901010101010101,0.9172135285209491,"1,1,1,1,1",manual,2,0,0
490,84000,ExecucaoManual_Acao_4_exec_2,0.95,0.9623232323232324,1,1,1,0.8924242424242425,0.9192327107521454,"1,1,1,1,1",manual,2,0,0
489,82500,ExecucaoManual_Acao_4_exec_2,0.9,0.9633333333333334,1,1,1,0.8929292929292929,0.9237758707723372,"1,1,1,1,1",manual,2,0,0
488,81000,ExecucaoManual_Acao_4_exec_2,0.91999996,0.9587878787878787,1,1,1,0.8848484848484849,0.9091367995961636,"1,1,1,1,1",manual,2,0,0
487,79500,ExecucaoManual_Acao_4_exec_2,0.90999997,0.96,1,1,0.9994954591321897,0.8954545454545455,0.9050984351337709,"1,1,1,1,1",manual,2,0,0
486,78000,ExecucaoManual_Acao_4_exec_2,0.95,0.9569696969696969,1,1,1,0.8777777777777778,0.9071176173649672,"1,1,1,1,1",manual,2,0,0
485,76500,ExecucaoManual_Acao_4_exec_2,0.89,0.9564646464646465,1,1,1,0.8762626262626263,0.906108026249369,"1,1,1,1,1",manual,2,0,0
484,75000,ExecucaoManual_Acao_4_exec_2,0.94,0.9572727272727273,1,1,1,0.8757575757575757,0.9106511862695609,"1,1,1,1,1",manual,2,0,0
483,73500,ExecucaoManual_Acao_4_exec_2,0.93,0.9548484848484848,1,1,1,0.8712121212121212,0.9030792529025744,"1,1,1,1,1",manual,2,0,0
482,72000,ExecucaoManual_Acao_4_exec_2,0.96,0.9561616161616162,0.9994962216624685,1,1,0.8893939393939394,0.8919737506309945,"1,1,1,1,1",manual,2,0,0
481,70500,ExecucaoManual_Acao_4_exec_2,0.85999995,0.945959595959596,0.9994962216624685,1,1,0.848989898989899,0.8813730439172135,"1,1,1,1,1",manual,2,0,0
480,69000,ExecucaoManual_Acao_4_exec_2,0.91999996,0.9473737373737374,0.998992443324937,0.9994929006085193,1,0.848989898989899,0.889449772841999,"1,1,1,1,1",manual,2,0,0
479,67500,ExecucaoManual_Acao_4_exec_2,0.84999996,0.9418181818181818,0.9979848866498741,1,1,0.8409090909090909,0.8702675416456335,"1,1,1,1,1",manual,2,0,0
478,66000,ExecucaoManual_Acao_4_exec_2,0.9,0.9428282828282828,1,1,1,0.8353535353535354,0.8788490661282181,"1,1,1,1,1",manual,2,0,0
477,64500,ExecucaoManual_Acao_4_exec_2,0.87,0.946060606060606,1,1,1,0.851010101010101,0.8793538616860171,"1,1,1,1,1",manual,2,0,0
476,63000,ExecucaoManual_Acao_4_exec_2,0.87,0.9442424242424242,1,1,0.9994954591321897,0.8454545454545455,0.8763250883392226,"1,1,1,1,1",manual,2,0,0
475,61500,ExecucaoManual_Acao_4_exec_2,0.91999996,0.9366666666666666,1,1,0.9994954591321897,0.8313131313131313,0.8525996971226654,"1,1,1,1,1",manual,2,0,0
474,60000,ExecucaoManual_Acao_4_exec_2,0.84,0.9281818181818182,0.998992443324937,1,1,0.8111111111111111,0.8308934881373043,"1,1,1,1,1",manual,2,0,0
473,58500,ExecucaoManual_Acao_4_exec_2,0.85999995,0.9312121212121212,1,1,1,0.8156565656565656,0.8404846037354872,"1,1,1,1,1",manual,2,0,0
472,57000,ExecucaoManual_Acao_4_exec_2,0.83,0.9243434343434344,1,1,1,0.7848484848484848,0.8369510348308935,"1,1,1,1,1",manual,2,0,0
471,55500,ExecucaoManual_Acao_4_exec_2,0.85999995,0.9209090909090909,1,1,1,0.7767676767676768,0.8278647147905098,"1,1,1,1,1",manual,2,0,0
470,54000,ExecucaoManual_Acao_4_exec_2,0.84,0.915050505050505,1,0.9994929006085193,1,0.7691919191919192,0.8066633013629481,"1,1,1,1,1",manual,2,0,0
469,52500,ExecucaoManual_Acao_4_exec_2,0.82,0.9027272727272727,1,1,1,0.7378787878787879,0.7758707723372035,"1,1,1,1,1",manual,2,0,0
468,51000,ExecucaoManual_Acao_4_exec_2,0.84,0.8818181818181818,1,1,1,0.6823232323232323,0.7269056032306915,"1,1,1,1,1",manual,2,0,0
467,49500,ExecucaoManual_Acao_4_exec_2,0.76,0.8587878787878788,1,1,1,0.6075757575757575,0.6865219586067642,"1,1,1,1,1",manual,2,0,0
466,48000,ExecucaoManual_Acao_4_exec_2,0.72999996,0.8357575757575758,1,1,1,0.5363636363636364,0.6426047450782433,"1,1,1,1,1",manual,2,0,0
465,46500,ExecucaoManual_Acao_4_exec_2,0.69,0.814949494949495,1,1,1,0.47474747474747475,0.6002019182231196,"1,1,1,1,1",manual,2,0,0
464,45000,ExecucaoManual_Acao_4_exec_2,0.66999996,0.7945454545454546,1,1,1,0.43434343434343436,0.5386168601716305,"1,1,1,1,1",manual,2,0,0
463,43500,ExecucaoManual_Acao_4_exec_2,0.66999996,0.7729292929292929,1,1,1,0.40505050505050505,0.4598687531549722,"1,1,1,1,1",manual,2,0,0
462,42000,ExecucaoManual_Acao_4_exec_2,0.65999997,0.7574747474747475,1,1,1,0.3595959595959596,0.42806663301362946,"1,1,1,1,1",manual,2,0,0
461,40500,ExecucaoManual_Acao_4_exec_2,0.58,0.7502020202020202,1,1,1,0.3616161616161616,0.3897021706208985,"1,1,1,1,1",manual,2,0,0
460,39000,ExecucaoManual_Acao_4_exec_2,0.62,0.7456565656565657,1,1,1,0.35909090909090907,0.36951034830893487,"1,1,1,1,1",manual,2,0,0
459,37500,ExecucaoManual_Acao_4_exec_2,0.65999997,0.7401010101010101,1,1,1,0.35808080808080806,0.34275618374558303,"1,1,1,1,1",manual,2,0,0
458,36000,ExecucaoManual_Acao_4_exec_2,0.68,0.743030303030303,1,1,1,0.3560606060606061,0.35941443715295307,"1,1,1,1,1",manual,2,0,0
457,34500,ExecucaoManual_Acao_4_exec_2,0.62,0.7341414141414141,1,1,1,0.3373737373737374,0.3336698637051994,"1,1,1,1,1",manual,2,0,0
456,33000,ExecucaoManual_Acao_4_exec_2,0.59999996,0.742020202020202,1,1,1,0.36464646464646466,0.3457849570923776,"1,1,1,1,1",manual,2,0,0
455,31500,ExecucaoManual_Acao_4_exec_2,0.65,0.7101010101010101,0.9994962216624685,0.9330628803245437,0.9611503531786074,0.3368686868686869,0.32004038364462395,"1,1,1,1,1",manual,2,0,0
454,30000,ExecucaoManual_Acao_4_exec_2,0.64,0.7359595959595959,1,1,0.9984863773965691,0.3419191919191919,0.3397274103987885,"1,1,1,1,1",manual,2,0,0
453,28500,ExecucaoManual_Acao_4_exec_2,0.61,0.7371717171717171,1,1,1,0.35454545454545455,0.331650681474003,"1,1,1,1,1",manual,2,0,0
452,27000,ExecucaoManual_Acao_4_exec_2,0.61,0.7337373737373737,1,1,1,0.34545454545454546,0.32357395254921756,"1,1,1,1,1",manual,2,0,0
451,25500,ExecucaoManual_Acao_4_exec_2,0.61,0.7327272727272728,1,1,1,0.32575757575757575,0.3382130237253912,"1,1,1,1,1",manual,2,0,0
450,24000,ExecucaoManual_Acao_4_exec_2,0.62,0.7392929292929293,1,1,1,0.3570707070707071,0.3397274103987885,"1,1,1,1,1",manual,2,0,0
449,22500,ExecucaoManual_Acao_4_exec_2,0.63,0.7425252525252525,1,1,1,0.36414141414141415,0.34881373043917213,"1,1,1,1,1",manual,2,0,0
448,21000,ExecucaoManual_Acao_4_exec_2,0.59999996,0.7355555555555555,1,1,1,0.347979797979798,0.33013629480060575,"1,1,1,1,1",manual,2,0,0
447,19500,ExecucaoManual_Acao_4_exec_2,0.63,0.7350505050505051,1,1,1,0.3338383838383838,0.34174659262998486,"1,1,1,1,1",manual,2,0,0
446,18000,ExecucaoManual_Acao_4_exec_2,0.64,0.7345454545454545,1,0.9994929006085193,0.9989909182643795,0.3388888888888889,0.33568904593639576,"1,1,1,1,1",manual,2,0,0
445,16500,ExecucaoManual_Acao_4_exec_2,0.61,0.7349494949494949,1,1,0.9984863773965691,0.3429292929292929,0.3336698637051994,"1,1,1,1,1",manual,2,0,0
444,15000,ExecucaoManual_Acao_4_exec_2,0.65,0.7288888888888889,0.9954659949622167,0.9954361054766734,0.987891019172553,0.33636363636363636,0.32963149924280666,"1,1,1,1,1",manual,2,0,0
443,13500,ExecucaoManual_Acao_4_exec_2,0.63,0.7358585858585859,0.9979848866498741,1,0.9959636730575177,0.3323232323232323,0.35335689045936397,"1,1,1,1,1",manual,2,0,0
442,12000,ExecucaoManual_Acao_4_exec_2,0.59,0.7266666666666667,0.9874055415617129,0.9913793103448276,0.9778002018163471,0.34040404040404043,0.33669863705199393,"1,1,1,1,1",manual,2,0,0
441,10500,ExecucaoManual_Acao_4_exec_2,0.57,0.6568686868686868,0.87455919395466,0.8711967545638946,0.863773965691221,0.3434343434343434,0.331650681474003,"1,1,1,1,1",manual,2,0,0
440,9000,ExecucaoManual_Acao_4_exec_2,0.42999998,0.5897979797979798,0.7062972292191436,0.802738336713996,0.7749747729566094,0.35353535353535354,0.31196365471983845,"1,1,1,1,1",manual,2,0,0
439,7500,ExecucaoManual_Acao_4_exec_2,0.42,0.545959595959596,0.6468513853904282,0.7155172413793104,0.7043390514631686,0.32323232323232326,0.3402322059565876,"1,1,1,1,1",manual,2,0,0
438,6000,ExecucaoManual_Acao_4_exec_2,0.38,0.5224242424242425,0.6292191435768262,0.6566937119675457,0.6811301715438951,0.3146464646464647,0.33064109035840483,"1,1,1,1,1",manual,2,0,0
437,4500,ExecucaoManual_Acao_4_exec_2,0.48999998,0.501010101010101,0.6272040302267002,0.6353955375253549,0.6463168516649849,0.3,0.29631499242806664,"1,1,1,1,1",manual,2,0,0
436,3000,ExecucaoManual_Acao_4_exec_2,0.42999998,0.4534343434343434,0.5828715365239294,0.5816430020283976,0.6347124117053481,0.23484848484848486,0.2332155477031802,"1,1,1,1,1",manual,2,0,0
435,1500,ExecucaoManual_Acao_4_exec_2,0.32,0.4093939393939394,0.5032745591939547,0.5882352941176471,0.6039354187689203,0.18282828282828284,0.1691065118626956,"1,1,1,1,1",manual,2,0,0
434,0,ExecucaoManual_Acao_4_exec_2,0.099999994,0.1401010101010101,0.06599496221662468,0.24898580121703853,0.2346115035317861,0.07373737373737374,0.07773851590106007,"1,1,1,1,1",manual,2,0,0
433,100500,ExecucaoManual_Acao_4_exec_1,0.96,0.9572727272727273,1,1,1,0.8234106962663976,0.9630940343781598,"1,1,1,1,1",manual,2,0,0
432,99000,ExecucaoManual_Acao_4_exec_1,0.97999996,0.9512121212121212,1,1,1,0.8148335015136225,0.9413549039433772,"1,1,1,1,1",manual,2,0,0
431,97500,ExecucaoManual_Acao_4_exec_1,0.95,0.9482828282828283,1,1,1,0.7971745711402624,0.9443882709807887,"1,1,1,1,1",manual,2,0,0
430,96000,ExecucaoManual_Acao_4_exec_1,0.96,0.9528282828282828,1,1,1,0.8082744702320888,0.9560161779575329,"1,1,1,1,1",manual,2,0,0
429,94500,ExecucaoManual_Acao_4_exec_1,0.98999995,0.9498989898989899,0.9994972347913524,1,1,0.8037336024217961,0.9464105156723963,"1,1,1,1,1",manual,2,0,0
428,93000,ExecucaoManual_Acao_4_exec_1,0.96,0.9521212121212121,1,1,1,0.8123107971745711,0.948432760364004,"1,1,1,1,1",manual,2,0,0
427,91500,ExecucaoManual_Acao_4_exec_1,0.94,0.9484848484848485,1,1,1,0.8047426841574168,0.9378159757330637,"1,1,1,1,1",manual,2,0,0
426,90000,ExecucaoManual_Acao_4_exec_1,0.94,0.9468686868686869,0.9994972347913524,1,1,0.7956609485368314,0.9393326592517695,"1,1,1,1,1",manual,2,0,0
425,88500,ExecucaoManual_Acao_4_exec_1,1,0.9493939393939393,0.9994972347913524,1,1,0.805247225025227,0.942366026289181,"1,1,1,1,1",manual,2,0,0
424,87000,ExecucaoManual_Acao_4_exec_1,0.96999997,0.946969696969697,1,1,1,0.79313824419778,0.9418604651162791,"1,1,1,1,1",manual,2,0,0
423,85500,ExecucaoManual_Acao_4_exec_1,0.96,0.9447474747474748,1,1,1,0.7916246215943491,0.9322548028311426,"1,1,1,1,1",manual,2,0,0
422,84000,ExecucaoManual_Acao_4_exec_1,0.96999997,0.9377777777777778,0.9994972347913524,1,1,0.7613521695257316,0.9282103134479271,"1,1,1,1,1",manual,2,0,0
421,82500,ExecucaoManual_Acao_4_exec_1,0.96999997,0.9456565656565656,1,1,1,0.7896064581231079,0.9388270980788676,"1,1,1,1,1",manual,2,0,0
420,81000,ExecucaoManual_Acao_4_exec_1,0.97999996,0.9411111111111111,1,1,0.9994921279837481,0.7729566094853683,0.9332659251769464,"1,1,1,1,1",manual,2,0,0
419,79500,ExecucaoManual_Acao_4_exec_1,0.96,0.9386868686868687,1,1,1,0.7623612512613521,0.9312436804853387,"1,1,1,1,1",manual,2,0,0
418,78000,ExecucaoManual_Acao_4_exec_1,0.96999997,0.9411111111111111,1,1,1,0.7795156407669022,0.9261880687563195,"1,1,1,1,1",manual,2,0,0
417,76500,ExecucaoManual_Acao_4_exec_1,0.97999996,0.9378787878787879,1,1,0.9989842559674962,0.7674066599394551,0.923154701718908,"1,1,1,1,1",manual,2,0,0
416,75000,ExecucaoManual_Acao_4_exec_1,0.95,0.944040404040404,1,0.9989909182643795,1,0.7901109989909183,0.9312436804853387,"1,1,1,1,1",manual,2,0,0
415,73500,ExecucaoManual_Acao_4_exec_1,0.97999996,0.9396969696969697,1,1,1,0.7709384460141272,0.9277047522750252,"1,1,1,1,1",manual,2,0,0
414,72000,ExecucaoManual_Acao_4_exec_1,0.91999996,0.9365656565656566,1,1,1,0.7593340060544904,0.9236602628918099,"1,1,1,1,1",manual,2,0,0
413,70500,ExecucaoManual_Acao_4_exec_1,0.95,0.9366666666666666,1,1,0.9994921279837481,0.7643794147325933,0.9196157735085946,"1,1,1,1,1",manual,2,0,0
412,69000,ExecucaoManual_Acao_4_exec_1,0.94,0.9266666666666666,1,1,1,0.7260343087790111,0.9074823053589485,"1,1,1,1,1",manual,2,0,0
411,67500,ExecucaoManual_Acao_4_exec_1,0.94,0.9331313131313131,1,1,1,0.7477295660948536,0.9180990899898888,"1,1,1,1,1",manual,2,0,0
410,66000,ExecucaoManual_Acao_4_exec_1,0.93,0.9318181818181818,1,1,1,0.736125126135217,0.923154701718908,"1,1,1,1,1",manual,2,0,0
409,64500,ExecucaoManual_Acao_4_exec_1,0.96,0.926969696969697,1,1,1,0.7230070635721494,0.9120323559150657,"1,1,1,1,1",manual,2,0,0
408,63000,ExecucaoManual_Acao_4_exec_1,0.93,0.9285858585858586,1,1,1,0.7356205852674067,0.9074823053589485,"1,1,1,1,1",manual,2,0,0
407,61500,ExecucaoManual_Acao_4_exec_1,0.95,0.918080808080808,1,1,1,0.6952573158425832,0.8953488372093024,"1,1,1,1,1",manual,2,0,0
406,60000,ExecucaoManual_Acao_4_exec_1,0.9,0.9224242424242424,1,1,1,0.7093844601412714,0.9029322548028311,"1,1,1,1,1",manual,2,0,0
405,58500,ExecucaoManual_Acao_4_exec_1,0.96,0.9131313131313131,1,1,1,0.6765893037336024,0.8892821031344793,"1,1,1,1,1",manual,2,0,0
404,57000,ExecucaoManual_Acao_4_exec_1,0.94,0.9138383838383838,1,1,1,0.6765893037336024,0.8928210313447927,"1,1,1,1,1",manual,2,0,0
403,55500,ExecucaoManual_Acao_4_exec_1,0.94,0.9090909090909091,1,1,1,0.6670030272452069,0.8786653185035389,"1,1,1,1,1",manual,2,0,0
402,54000,ExecucaoManual_Acao_4_exec_1,0.91999996,0.9009090909090909,1,1,1,0.6357214934409687,0.8690596562184024,"1,1,1,1,1",manual,2,0,0
401,52500,ExecucaoManual_Acao_4_exec_1,0.95,0.8993939393939394,1,1,1,0.6271442986881938,0.8700707785642062,"1,1,1,1,1",manual,2,0,0
400,51000,ExecucaoManual_Acao_4_exec_1,0.91999996,0.8901010101010101,0.9994972347913524,1,1,0.6009081735620585,0.8503538928210314,"1,1,1,1,1",manual,2,0,0
399,49500,ExecucaoManual_Acao_4_exec_1,0.9,0.8857575757575757,1,1,1,0.5807265388496469,0.8483316481294236,"1,1,1,1,1",manual,2,0,0
398,48000,ExecucaoManual_Acao_4_exec_1,0.9,0.8685858585858586,1,1,1,0.5201816347124117,0.8230535894843276,"1,1,1,1,1",manual,2,0,0
397,46500,ExecucaoManual_Acao_4_exec_1,0.85999995,0.8573737373737373,1,1,1,0.4788092835519677,0.8083923154701719,"1,1,1,1,1",manual,2,0,0
396,45000,ExecucaoManual_Acao_4_exec_1,0.88,0.8403030303030303,1,1,0.9994921279837481,0.42785065590312815,0.7745197168857432,"1,1,1,1,1",manual,2,0,0
395,43500,ExecucaoManual_Acao_4_exec_1,0.84999996,0.8243434343434344,1,1,1,0.39505549949545915,0.7269969666329625,"1,1,1,1,1",manual,2,0,0
394,42000,ExecucaoManual_Acao_4_exec_1,0.81,0.8106060606060606,1,1,0.9994921279837481,0.38042381432896066,0.673407482305359,"1,1,1,1,1",manual,2,0,0
393,40500,ExecucaoManual_Acao_4_exec_1,0.78999996,0.7976767676767677,1,1,0.9994921279837481,0.36680121089808276,0.6223458038422649,"1,1,1,1,1",manual,2,0,0
392,39000,ExecucaoManual_Acao_4_exec_1,0.81,0.7812121212121212,1,1,1,0.3481331987891019,0.5581395348837209,"1,1,1,1,1",manual,2,0,0
391,37500,ExecucaoManual_Acao_4_exec_1,0.72999996,0.7708080808080808,1,0.9994954591321897,1,0.3496468213925328,0.5050556117290192,"1,1,1,1,1",manual,2,0,0
390,36000,ExecucaoManual_Acao_4_exec_1,0.76,0.7514141414141414,1,1,1,0.3557013118062563,0.40141557128412536,"1,1,1,1,1",manual,2,0,0
389,34500,ExecucaoManual_Acao_4_exec_1,0.77,0.7272727272727273,0.9371543489190548,0.9984863773965691,0.9989842559674962,0.322401614530777,0.37967644084934277,"1,1,1,1,1",manual,2,0,0
388,33000,ExecucaoManual_Acao_4_exec_1,0.75,0.7381818181818182,1,1,1,0.33097880928355194,0.35995955510616784,"1,1,1,1,1",manual,2,0,0
387,31500,ExecucaoManual_Acao_4_exec_1,0.76,0.7402020202020202,1,1,1,0.34510595358224017,0.35591506572295245,"1,1,1,1,1",manual,2,0,0
386,30000,ExecucaoManual_Acao_4_exec_1,0.84,0.7394949494949495,0.9984917043740573,1,1,0.35973763874873865,0.3392315470171891,"1,1,1,1,1",manual,2,0,0
385,28500,ExecucaoManual_Acao_4_exec_1,0.77,0.7367676767676767,1,1,1,0.35065590312815337,0.33316481294236605,"1,1,1,1,1",manual,2,0,0
384,27000,ExecucaoManual_Acao_4_exec_1,0.76,0.7325252525252526,0.9994972347913524,1,0.9959370238699847,0.3385469223007064,0.32861476238624876,"1,1,1,1,1",manual,2,0,0
383,25500,ExecucaoManual_Acao_4_exec_1,0.78,0.7345454545454545,1,1,1,0.34006054490413723,0.3326592517694641,"1,1,1,1,1",manual,2,0,0
382,24000,ExecucaoManual_Acao_4_exec_1,0.74,0.7357575757575757,1,1,1,0.3365287588294652,0.34226491405460063,"1,1,1,1,1",manual,2,0,0
381,22500,ExecucaoManual_Acao_4_exec_1,0.78999996,0.7338383838383838,0.9989944695827049,1,1,0.3365287588294652,0.33367037411526795,"1,1,1,1,1",manual,2,0,0
380,21000,ExecucaoManual_Acao_4_exec_1,0.81,0.7257575757575757,0.9989944695827049,0.9994954591321897,0.9781615033011681,0.3274470232088799,0.32457027300303337,"1,1,1,1,1",manual,2,0,0
379,19500,ExecucaoManual_Acao_4_exec_1,0.78,0.7357575757575757,1,1,1,0.34006054490413723,0.33872598584428715,"1,1,1,1,1",manual,2,0,0
378,18000,ExecucaoManual_Acao_4_exec_1,0.76,0.7365656565656565,0.9994972347913524,1,0.9954291518537328,0.35973763874873865,0.3281092012133468,"1,1,1,1,1",manual,2,0,0
377,16500,ExecucaoManual_Acao_4_exec_1,0.75,0.7362626262626263,1,1,1,0.3602421796165489,0.32103134479271994,"1,1,1,1,1",manual,2,0,0
376,15000,ExecucaoManual_Acao_4_exec_1,0.76,0.7311111111111112,0.9989944695827049,1,0.98933468765871,0.32896064581231077,0.33822042467138524,"1,1,1,1,1",manual,2,0,0
375,13500,ExecucaoManual_Acao_4_exec_1,0.78999996,0.7311111111111112,0.9994972347913524,1,0.9989842559674962,0.34359233097880926,0.3134479271991911,"1,1,1,1,1",manual,2,0,0
374,12000,ExecucaoManual_Acao_4_exec_1,0.78,0.7312121212121212,0.9964806435394671,0.9949545913218971,0.9918740477399696,0.33804238143289606,0.3346814964610718,"1,1,1,1,1",manual,2,0,0
373,10500,ExecucaoManual_Acao_4_exec_1,0.75,0.7202020202020202,0.9653092006033183,0.9833501513622603,0.9746063991874048,0.346619576185671,0.33114256825075833,"1,1,1,1,1",manual,2,0,0
372,9000,ExecucaoManual_Acao_4_exec_1,0.74,0.661010101010101,0.85771744595274,0.9101917255297679,0.8704926358557643,0.34712411705348134,0.3195146612740142,"1,1,1,1,1",manual,2,0,0
371,7500,ExecucaoManual_Acao_4_exec_1,0.72999996,0.5941414141414142,0.7521367521367521,0.7825428859737639,0.7613001523616049,0.33703329969727547,0.33771486349848334,"1,1,1,1,1",manual,2,0,0
370,6000,ExecucaoManual_Acao_4_exec_1,0.65999997,0.5448484848484848,0.6923076923076923,0.6710393541876892,0.7018791264601321,0.3329969727547931,0.32608695652173914,"1,1,1,1,1",manual,2,0,0
369,4500,ExecucaoManual_Acao_4_exec_1,0.59,0.49323232323232324,0.5857214680744093,0.6104944500504541,0.6526155408836973,0.31281533804238143,0.30485338725985844,"1,1,1,1,1",manual,2,0,0
368,3000,ExecucaoManual_Acao_4_exec_1,0.51,0.46646464646464647,0.5937657114127702,0.6195761856710393,0.6023362112747588,0.2558022199798184,0.2608695652173913,"1,1,1,1,1",manual,2,0,0
367,1500,ExecucaoManual_Acao_4_exec_1,0.44,0.4122222222222222,0.5113122171945701,0.5958627648839556,0.5683087861858812,0.1987891019172553,0.1870576339737108,"1,1,1,1,1",manual,2,0,0
366,0,ExecucaoManual_Acao_4_exec_1,0.21,0.1416161616161616,0.058320764203117145,0.28456104944500504,0.2564753682072118,0.05600403632694248,0.05358948432760364,"1,1,1,1,1",manual,2,0,0
365,100500,ExecucaoManual_Acao_4_exec_0,0.95,0.9654545454545455,1,1,1,0.8963075366717248,0.9307030854830551,"1,1,1,1,1",manual,2,0,0
364,99000,ExecucaoManual_Acao_4_exec_0,0.91999996,0.968989898989899,1,1,1,0.9049064238745574,0.939807789580172,"1,1,1,1,1",manual,2,0,0
363,97500,ExecucaoManual_Acao_4_exec_0,0.96,0.9671717171717171,1,1,1,0.902377339403136,0.9332321699544764,"1,1,1,1,1",manual,2,0,0
362,96000,ExecucaoManual_Acao_4_exec_0,0.94,0.9667676767676767,1,1,1,0.9054122407688416,0.9281740010116338,"1,1,1,1,1",manual,2,0,0
361,94500,ExecucaoManual_Acao_4_exec_0,0.91999996,0.9607070707070707,0.9994946942900454,1,1,0.8796155791603439,0.9241274658573596,"1,1,1,1,1",manual,2,0,0
360,93000,ExecucaoManual_Acao_4_exec_0,0.95,0.9607070707070707,1,1,1,0.8811330298431967,0.9221041982802226,"1,1,1,1,1",manual,2,0,0
359,91500,ExecucaoManual_Acao_4_exec_0,0.94,0.963030303030303,0.9994946942900454,0.9984901862103673,1,0.8952959028831563,0.9215983813859383,"1,1,1,1,1",manual,2,0,0
358,90000,ExecucaoManual_Acao_4_exec_0,0.95,0.9622222222222222,1,0.9994967287367891,1,0.8882144663631766,0.9231158320687911,"1,1,1,1,1",manual,2,0,0
357,88500,ExecucaoManual_Acao_4_exec_0,0.96999997,0.9682828282828283,1,1,1,0.900354071825999,0.9408194233687405,"1,1,1,1,1",manual,2,0,0
356,87000,ExecucaoManual_Acao_4_exec_0,0.94,0.9663636363636363,1,1,1,0.9074355083459787,0.9241274658573596,"1,1,1,1,1",manual,2,0,0
355,85500,ExecucaoManual_Acao_4_exec_0,0.96,0.9622222222222222,1,1,0.9994949494949495,0.8882144663631766,0.9231158320687911,"1,1,1,1,1",manual,2,0,0
354,84000,ExecucaoManual_Acao_4_exec_0,0.96,0.9581818181818181,0.9994946942900454,0.9994967287367891,0.9994949494949495,0.8775923115832068,0.9145169448659585,"1,1,1,1,1",manual,2,0,0
353,82500,ExecucaoManual_Acao_4_exec_0,0.93,0.9531313131313132,0.9994946942900454,0.9994967287367891,1,0.8710166919575114,0.8952959028831563,"1,1,1,1,1",manual,2,0,0
352,81000,ExecucaoManual_Acao_4_exec_0,0.95,0.9547474747474748,1,1,1,0.8659585230146687,0.9074355083459787,"1,1,1,1,1",manual,2,0,0
351,79500,ExecucaoManual_Acao_4_exec_0,0.95,0.9522222222222222,1,1,1,0.8730399595346484,0.8877086494688923,"1,1,1,1,1",manual,2,0,0
350,78000,ExecucaoManual_Acao_4_exec_0,0.96999997,0.9594949494949495,1,1,1,0.8801213960546282,0.9170460293373799,"1,1,1,1,1",manual,2,0,0
349,76500,ExecucaoManual_Acao_4_exec_0,0.94,0.9525252525252526,1,1,1,0.8614061709661103,0.9008598887202832,"1,1,1,1,1",manual,2,0,0
348,75000,ExecucaoManual_Acao_4_exec_0,0.94,0.9577777777777777,1,1,1,0.8866970156803238,0.9018715225088518,"1,1,1,1,1",manual,2,0,0
347,73500,ExecucaoManual_Acao_4_exec_0,0.89,0.95,1,1,1,0.8548305513404147,0.894790085988872,"1,1,1,1,1",manual,2,0,0
346,72000,ExecucaoManual_Acao_4_exec_0,0.95,0.9513131313131313,1,1,1,0.8639352554375316,0.8922610015174507,"1,1,1,1,1",manual,2,0,0
345,70500,ExecucaoManual_Acao_4_exec_0,0.91999996,0.9492929292929293,0.9994946942900454,0.9994967287367891,1,0.866464339908953,0.8806272129489124,"1,1,1,1,1",manual,2,0,0
344,69000,ExecucaoManual_Acao_4_exec_0,0.91999996,0.9511111111111111,1,1,1,0.8639352554375316,0.8912493677288822,"1,1,1,1,1",manual,2,0,0
343,67500,ExecucaoManual_Acao_4_exec_0,0.93,0.9484848484848485,1,1,1,0.8578654527061204,0.8841679312089024,"1,1,1,1,1",manual,2,0,0
342,66000,ExecucaoManual_Acao_4_exec_0,0.93,0.9414141414141414,0.9994946942900454,1,1,0.8406676783004552,0.866464339908953,"1,1,1,1,1",manual,2,0,0
341,64500,ExecucaoManual_Acao_4_exec_0,0.9,0.9423232323232323,1,1,1,0.8442083965604451,0.8669701568032372,"1,1,1,1,1",manual,2,0,0
340,63000,ExecucaoManual_Acao_4_exec_0,0.90999997,0.9375757575757576,1,1,1,0.832574607991907,0.8548305513404147,"1,1,1,1,1",manual,2,0,0
339,61500,ExecucaoManual_Acao_4_exec_0,0.89,0.9343434343434344,1,1,1,0.8305513404147699,0.8406676783004552,"1,1,1,1,1",manual,2,0,0
338,60000,ExecucaoManual_Acao_4_exec_0,0.91999996,0.9261616161616162,0.9994946942900454,1,1,0.806272129489125,0.8244815376833586,"1,1,1,1,1",manual,2,0,0
337,58500,ExecucaoManual_Acao_4_exec_0,0.91999996,0.9210101010101011,1,1,1,0.7895801719777441,0.8148710166919575,"1,1,1,1,1",manual,2,0,0
336,57000,ExecucaoManual_Acao_4_exec_0,0.9,0.9133333333333333,0.9994946942900454,0.9994967287367891,1,0.7936267071320182,0.7733940313606474,"1,1,1,1,1",manual,2,0,0
335,55500,ExecucaoManual_Acao_4_exec_0,0.85999995,0.9057575757575758,1,1,1,0.7663125948406677,0.7617602427921093,"1,1,1,1,1",manual,2,0,0
334,54000,ExecucaoManual_Acao_4_exec_0,0.84,0.8874747474747475,0.9979787771601819,1,1,0.7182599898836621,0.7202832574607992,"1,1,1,1,1",manual,2,0,0
333,52500,ExecucaoManual_Acao_4_exec_0,0.83,0.8812121212121212,1,1,1,0.6985331310065757,0.7066262013151239,"1,1,1,1,1",manual,2,0,0
332,51000,ExecucaoManual_Acao_4_exec_0,0.84999996,0.8618181818181818,1,1,1,0.6307536671724836,0.6772888214466363,"1,1,1,1,1",manual,2,0,0
331,49500,ExecucaoManual_Acao_4_exec_0,0.87,0.847979797979798,0.9994946942900454,1,0.9994949494949495,0.5953464845725848,0.6444107233181589,"1,1,1,1,1",manual,2,0,0
330,48000,ExecucaoManual_Acao_4_exec_0,0.82,0.8284848484848485,1,1,1,0.5548811330298432,0.5862417804754679,"1,1,1,1,1",manual,2,0,0
329,46500,ExecucaoManual_Acao_4_exec_0,0.82,0.7968686868686868,1,1,1,0.45068285280728376,0.5321193727870511,"1,1,1,1,1",manual,2,0,0
328,45000,ExecucaoManual_Acao_4_exec_0,0.79999995,0.7697979797979798,1,1,1,0.3697521497218007,0.47749114820435,"1,1,1,1,1",manual,2,0,0
327,43500,ExecucaoManual_Acao_4_exec_0,0.78,0.7575757575757576,1,1,1,0.3480020232675771,0.438037430450177,"1,1,1,1,1",manual,2,0,0
326,42000,ExecucaoManual_Acao_4_exec_0,0.78,0.7476767676767677,1,1,1,0.33839150227617604,0.39807789580171976,"1,1,1,1,1",manual,2,0,0
325,40500,ExecucaoManual_Acao_4_exec_0,0.78,0.7462626262626263,0.9994946942900454,1,1,0.3434496712190187,0.38644410723318157,"1,1,1,1,1",manual,2,0,0
324,39000,ExecucaoManual_Acao_4_exec_0,0.74,0.7454545454545455,1,1,1,0.3490136570561457,0.37632776934749623,"1,1,1,1,1",manual,2,0,0
323,37500,ExecucaoManual_Acao_4_exec_0,0.81,0.7405050505050506,1,1,1,0.3520485584218513,0.3485078401618614,"1,1,1,1,1",manual,2,0,0
322,36000,ExecucaoManual_Acao_4_exec_0,0.81,0.7406060606060606,1,1,0.9984848484848485,0.3480020232675771,0.35457764289327265,"1,1,1,1,1",manual,2,0,0
321,34500,ExecucaoManual_Acao_4_exec_0,0.77,0.737979797979798,1,1,1,0.3404147698533131,0.34749620637329287,"1,1,1,1,1",manual,2,0,0
320,33000,ExecucaoManual_Acao_4_exec_0,0.75,0.7352525252525253,1,1,1,0.3363682346990389,0.33788568538189173,"1,1,1,1,1",manual,2,0,0
319,31500,ExecucaoManual_Acao_4_exec_0,0.72999996,0.7336363636363636,1,1,1,0.3287809812847749,0.3373798684876075,"1,1,1,1,1",manual,2,0,0
318,30000,ExecucaoManual_Acao_4_exec_0,0.7,0.7351515151515151,1,1,1,0.33839150227617604,0.3353566009104704,"1,1,1,1,1",manual,2,0,0
317,28500,ExecucaoManual_Acao_4_exec_0,0.78,0.73989898989899,1,1,1,0.35255437531613554,0.3449671219018715,"1,1,1,1,1",manual,2,0,0
316,27000,ExecucaoManual_Acao_4_exec_0,0.72999996,0.7352525252525253,1,1,1,0.3388973191704603,0.3353566009104704,"1,1,1,1,1",manual,2,0,0
315,25500,ExecucaoManual_Acao_4_exec_0,0.74,0.7377777777777778,1,1,1,0.34446130500758726,0.3424380374304502,"1,1,1,1,1",manual,2,0,0
314,24000,ExecucaoManual_Acao_4_exec_0,0.77,0.7326262626262626,1,1,1,0.32119372787051087,0.33990895295902884,"1,1,1,1,1",manual,2,0,0
313,22500,ExecucaoManual_Acao_4_exec_0,0.74,0.7350505050505051,1,0.9994967287367891,1,0.33788568538189173,0.3358624178047547,"1,1,1,1,1",manual,2,0,0
312,21000,ExecucaoManual_Acao_4_exec_0,0.74,0.7388888888888889,1,1,1,0.3404147698533131,0.3520485584218513,"1,1,1,1,1",manual,2,0,0
311,19500,ExecucaoManual_Acao_4_exec_0,0.76,0.7402020202020202,1,1,1,0.3485078401618614,0.3505311077389985,"1,1,1,1,1",manual,2,0,0
310,18000,ExecucaoManual_Acao_4_exec_0,0.78,0.7385858585858586,0.9924204143506822,0.9964771011575239,0.9984848484848485,0.3550834597875569,0.3485078401618614,"1,1,1,1,1",manual,2,0,0
309,16500,ExecucaoManual_Acao_4_exec_0,0.74,0.7315151515151516,0.9974734714502274,0.9949672873678913,0.9994949494949495,0.33282751643904906,0.330804248861912,"1,1,1,1,1",manual,2,0,0
308,15000,ExecucaoManual_Acao_4_exec_0,0.66999996,0.7226262626262626,0.9065184436584134,0.9989934574735783,1,0.3495194739504299,0.35609509357612545,"1,1,1,1,1",manual,2,0,0
307,13500,ExecucaoManual_Acao_4_exec_0,0.77,0.7385858585858586,1,0.9989934574735783,1,0.34597875569044007,0.34597875569044007,"1,1,1,1,1",manual,2,0,0
306,12000,ExecucaoManual_Acao_4_exec_0,0.75,0.7316161616161616,0.9974734714502274,0.9929542023150478,0.998989898989899,0.3353566009104704,0.33131006575619626,"1,1,1,1,1",manual,2,0,0
305,10500,ExecucaoManual_Acao_4_exec_0,0.75,0.7272727272727273,0.9924204143506822,0.9939607448414696,0.9934343434343434,0.32979261507334345,0.32473444613050073,"1,1,1,1,1",manual,2,0,0
304,9000,ExecucaoManual_Acao_4_exec_0,0.74,0.7238383838383838,0.9681657402728651,0.9743331655762456,0.9954545454545455,0.3323216995447648,0.3469903894790086,"1,1,1,1,1",manual,2,0,0
303,7500,ExecucaoManual_Acao_4_exec_0,0.63,0.6171717171717171,0.7483577564426478,0.7946653246099648,0.8631313131313131,0.3586241780475468,0.31967627718765806,"1,1,1,1,1",manual,2,0,0
302,6000,ExecucaoManual_Acao_4_exec_0,0.52,0.5364646464646464,0.6675088428499242,0.6456970306995471,0.7222222222222222,0.3186646433990895,0.3272635306019221,"1,1,1,1,1",manual,2,0,0
301,4500,ExecucaoManual_Acao_4_exec_0,0.47,0.5002020202020202,0.6018191005558363,0.619023653749371,0.6474747474747474,0.3156297420333839,0.3161355589276682,"1,1,1,1,1",manual,2,0,0
300,3000,ExecucaoManual_Acao_4_exec_0,0.45999998,0.4488888888888889,0.5528044466902476,0.5832913940613991,0.5909090909090909,0.2468386444107233,0.2696004046535154,"1,1,1,1,1",manual,2,0,0
299,1500,ExecucaoManual_Acao_4_exec_0,0.39,0.416969696969697,0.5336028297119757,0.5978862606945143,0.5924242424242424,0.18361153262518967,0.17602427921092564,"1,1,1,1,1",manual,2,0,0
298,0,ExecucaoManual_Acao_4_exec_0,0.06,0.11282828282828283,0.1192521475492673,0.14997483643683945,0.15151515151515152,0.0687910976226606,0.07435508345978756,"1,1,1,1,1",manual,2,0,0
